etf_code,etf_name,index_code,index_type,current_price,price_percentile,hist_days,pe,dividend_yield,volume,market_cap
159707,地产ETF华宝,sz399393,industry_inferred,0.53,8.1,1210,,,111220823.089,585940550
159506,港股通创新药医疗ETF富国,sz399394,industry_inferred,1.188,5.45,1210,,,579273176.568,2613049927
159892,恒生医药ETF华夏,sz399394,industry_inferred,0.692,5.45,1210,,,979407733.941,5293292017
159768,房地产ETF银华,sz399393,industry,0.472,8.1,1210,,,68819065.1,381116543
159557,恒生医疗ETF嘉实,sz399394,industry_inferred,1.306,5.45,1210,,,86834958.6,229718811
159776,港股医药ETF银华,sz399394,industry_inferred,1.051,5.45,1210,,,25171813.3,97710172
513200,港股通医药ETF易方达,sz399394,industry_inferred,0.934,5.45,1210,,,398847075.0,1251823478
513060,恒生医疗ETF博时,sz399394,industry_inferred,0.517,5.45,1210,,,751747648.0,5834548392
512690,酒ETF鹏华,sz399932,industry,0.457,0.5,1210,,,1811842936.0,15633216045
515650,消费50ETF富国,sz399932,industry,1.051,0.5,1210,,,100514827.0,3265650384
159303,恒生医疗ETF大成,sz399394,industry_inferred,1.43,5.45,1210,,,52389266.5,95798121
159718,港股医药ETF平安,sz399394,industry_inferred,0.782,5.45,1210,,,32671315.7,178947120
560680,消费ETF广发,sz399932,industry_inferred,0.758,0.5,1210,,,21775402.0,239320005
510630,消费ETF华夏,sz399932,industry_inferred,0.837,0.5,1210,,,59997008.0,461489579
513700,港股通医药ETF鹏华,sz399394,industry_inferred,0.558,5.45,1210,,,170263129.0,567958068
512120,医药ETF华安,sz399394,industry_inferred,0.421,5.45,1210,,,12070456.0,346163842
159798,消费ETF易方达,sz399932,industry_inferred,0.846,0.5,1210,,,20578728.3,111879600
159862,食品饮料ETF银华,sz399932,industry_inferred,0.567,0.5,1210,,,6566379.5,199867854
517880,品牌消费ETF华泰柏瑞,sz399932,industry_inferred,0.759,0.5,1210,,,3699779.0,38964859
159928,消费ETF汇添富,sz399932,industry,0.689,0.5,1210,,,576247512.048,16298039464
159632,纳斯达克ETF华安,sh000852,broad,2.508,98.02,1210,,,385929861.249,12082843205
516900,食品饮料ETF华安,sz399932,industry_inferred,0.517,0.5,1210,,,10018896.0,185979897
515710,食品饮料ETF华宝,sz399932,industry_inferred,0.517,0.5,1210,,,45719717.0,1294878101
159268,港股通消费ETF汇添富,sz399932,industry_inferred,0.816,0.5,1210,,,70727560.7,448844900
159843,食品饮料ETF招商,sz399932,industry_inferred,0.56,0.5,1210,,,15606104.475,373774876
159689,消费ETF南方,sz399932,industry_inferred,0.652,0.5,1210,,,4049140.4,57472357
517990,沪港深医药ETF招商,sz399394,industry_inferred,0.808,5.45,1210,,,1609346.0,37966223
159670,消费50ETF国联安,sh000016,broad_inferred,0.858,69.42,1210,,,3238161.3,49512538
512600,消费ETF嘉实,sz399932,industry_inferred,0.588,0.5,1210,,,14502893.0,897144584
513970,恒生消费ETF景顺,sz399932,industry_inferred,0.827,0.5,1210,,,171695622.0,1759062914
515170,食品饮料ETF华夏,sz399932,industry_inferred,0.484,0.5,1210,,,152225495.0,4401136864
159577,美国50ETF汇添富,sh000016,broad_inferred,1.623,69.42,1210,,,251003881.075,1070637580
159672,消费ETF博时,sz399932,industry_inferred,0.648,0.5,1210,,,3507867.876,84815041
159736,食品饮料ETF天弘,sz399932,industry,0.613,0.5,1210,,,40151110.9,4686013826
159699,恒生消费ETF广发,sz399932,industry_inferred,0.901,0.5,1210,,,78881454.4,706982495
520620,恒生消费ETF嘉实,sz399932,industry_inferred,0.829,0.5,1210,,,12347694.0,310385068
520520,恒生消费ETF华泰柏瑞,sz399932,industry_inferred,0.972,0.5,1210,,,3520505.0,58423032
159508,生物医药ETF华安,sz399394,industry_inferred,0.726,5.45,1210,,,5493007.2,49971740
513230,港股通消费ETF华夏,sz399932,industry_inferred,0.899,0.5,1210,,,50265172.0,398637011
512010,医药ETF易方达,sz399394,industry,0.344,5.45,1210,,,743099038.0,16864839072
159228,红利低波ETF长城,sh000015,broad_inferred,1.037,90.58,1210,,,1254632.3,138141562
526010,港股通医疗ETF汇添富,sz399394,industry_inferred,0.872,5.45,1210,,,14544128.0,85855376
512290,生物医药ETF国泰,sz399394,industry,0.92,5.45,1210,,,157466044.0,3644875048
159265,港股消费ETF鹏华,sz399932,industry_inferred,0.842,0.5,1210,,,33285132.3,236560654
513590,港股通消费ETF鹏华,sz399932,industry_inferred,0.8,0.5,1210,,,10542905.0,126975120
510660,医药ETF华夏,sz399394,industry_inferred,2.283,5.45,1210,,,10350981.0,95611355
513070,港股通消费ETF易方达,sz399932,industry_inferred,1.137,0.5,1210,,,143532134.0,1651789030
159760,医疗健康ETF泰康,sz399394,industry_inferred,0.548,5.45,1210,,,1678515.7,78013402
159735,港股消费ETF银华,sz399932,industry_inferred,0.69,0.5,1210,,,60561810.5,635877349
563690,红利低波ETF永赢,sh000015,broad_inferred,1.012,90.58,1210,,,5233767.0,43396584
159547,红利低波ETF华夏,sh000015,broad_inferred,1.206,90.58,1210,,,159090915.4,1347447012
159366,港股医疗ETF永赢,sz399394,industry_inferred,1.215,5.45,1210,,,91145705.1,299294682
560520,红利低波100ETF大成,sh000015,broad_inferred,1.118,90.58,1210,,,1688804.0,13137618
563020,红利低波ETF易方达,sh000015,broad_inferred,1.175,90.58,1210,,,381505583.0,10534944269
159285,港股通消费ETF华安,sz399932,industry_inferred,0.808,0.5,1210,,,21251295.349,241985244
159355,800红利低波ETF华宝,sh000015,broad_inferred,1.054,90.58,1210,,,3152506.5,110916928
159253,银行ETF博时,sz399986,industry_inferred,0.926,74.96,1210,,,3304443.253,633851608
159520,消费龙头ETF工银,sz399932,industry_inferred,0.929,0.5,1210,,,7272695.9,150663036
560150,红利低波ETF泰康,sh000015,broad_inferred,1.124,90.58,1210,,,12131503.0,773625929
516210,银行ETF华安,sz399986,industry_inferred,1.324,74.96,1210,,,17235425.0,122113844
516130,消费龙头ETF华宝,sz399932,industry_inferred,0.689,0.5,1210,,,18626916.0,1014132210
510650,金融地产ETF华夏,sz399393,industry_inferred,2.709,8.1,1210,,,1365205.0,28315823
159859,生物医药ETF天弘,sz399394,industry_inferred,0.349,5.45,1210,,,143737422.887,4128055805
515290,银行ETF天弘,sz399986,industry_inferred,1.395,74.96,1210,,,84125542.0,4361011190
563890,国企红利ETF创金合信,sh000015,broad_inferred,1.05,90.58,1210,,,289990.0,28177800
512820,银行ETF汇添富,sz399986,industry_inferred,1.363,74.96,1210,,,95018975.0,667463695
512890,红利低波ETF华泰柏瑞,sh000015,broad_inferred,1.167,90.58,1210,,,923199597.0,32498745360
563590,A500红利低波动ETF国寿,sh000905,broad_inferred,0.967,97.11,1210,,,198021.0,69570235
512730,银行ETF鹏华,sz399986,industry_inferred,1.592,74.96,1210,,,9516076.0,116349569
563510,A500红利低波ETF易方达,sh000905,broad_inferred,0.979,97.11,1210,,,12566258.0,289330731
516310,银行ETF易方达,sz399986,industry_inferred,1.285,74.96,1210,,,152417028.0,2082803167
512800,银行ETF华宝,sz399986,industry,0.776,74.96,1210,,,901367164.0,10363542030
159655,标普500ETF华夏,sh000905,broad_inferred,1.934,97.11,1210,,,146401567.066,4067478639
159708,红利ETF西部利得,sh000015,broad_inferred,0.842,90.58,1210,,,9909394.028,150320834
159887,银行ETF富国,sz399986,industry,1.266,74.96,1210,,,93880922.1,1017124595
515100,红利低波100ETF景顺,sh000015,broad_inferred,1.432,90.58,1210,,,190882021.0,6084484234
159167,港股通医疗ETF工银,sz399394,industry_inferred,0.802,5.45,1210,,,21035997.553,202544430
515020,银行ETF华夏,sz399986,industry_inferred,1.656,74.96,1210,,,105939148.0,653035810
159933,金融地产ETF国投瑞银,sz399393,industry_inferred,2.742,8.1,1210,,,437092.2,102493062
516820,医疗创新ETF平安,sz399394,industry_inferred,0.324,5.45,1210,,,56129395.0,1788614535
159839,生物医药ETF汇添富,sz399394,industry_inferred,0.324,5.45,1210,,,47978267.28,986332194
159137,港股通医疗ETF华宝,sz399394,industry_inferred,0.815,5.45,1210,,,39600802.7,154550575
513620,港股医疗ETF银华,sz399394,industry_inferred,0.92,5.45,1210,,,24578320.0,184198720
513850,美国50ETF易方达,sh000016,broad_inferred,1.799,69.42,1210,,,171912122.0,2120827802
159525,红利低波ETF富国,sh000015,broad_inferred,1.088,90.58,1210,,,15301367.2,465385193
561060,国企红利ETF华安,sh000015,broad_inferred,1.153,90.58,1210,,,4907426.0,201273445
517550,沪港深消费龙头ETF招商,sz399932,industry_inferred,0.657,0.5,1210,,,7439653.0,58747232
512700,银行ETF南方,sz399986,industry,1.428,74.96,1210,,,90871274.0,988291679
515450,红利低波50ETF南方,sh000016,broad_inferred,1.43,69.42,1210,,,245688852.0,18435324244
589120,科创创新药ETF汇添富,sh000688,broad_inferred,0.776,99.17,1210,,,53862244.0,489361120
513090,香港证券ETF易方达,sz399975,industry_inferred,1.755,50.33,1210,,,8718764348.0,20037691665
520510,港股通医疗ETF华夏,sz399394,industry_inferred,0.795,5.45,1210,,,144876604.0,179453760
562060,标普A股红利ETF华宝,sh000015,broad_inferred,0.627,90.58,1210,,,65830379.0,3734908945
159332,央企红利ETF富国,sh000015,broad_inferred,1.198,90.58,1210,,,2788346.1,92870729
159549,红利低波ETF天弘,sh000015,broad_inferred,1.204,90.58,1210,,,36622380.2,5610066703
512640,金融地产ETF嘉实,sz399393,industry_inferred,2.24,8.1,1210,,,3520384.0,54299616
512070,证券保险ETF易方达,sz399975,industry,0.755,50.33,1210,,,854918015.0,11942197158
560570,A500红利ETF国联安,sh000905,broad_inferred,0.988,97.11,1210,,,31658121.0,1422266706
159307,红利低波100ETF博时,sh000015,broad_inferred,1.055,90.58,1210,,,117316178.27,6256048315
159905,红利ETF工银,sh000015,broad,1.747,90.58,1210,,,53564551.592,1995849584
589720,科创创新药ETF国泰,sh000688,broad_inferred,0.842,99.17,1210,,,282785347.0,1539868973
159938,医药ETF广发,sz399394,industry,0.601,5.45,1210,,,47623990.3,4400562387
517900,银行AH优选ETF招商,sz399986,industry_inferred,1.449,74.96,1210,,,62169824.0,779552587
513630,港股低波红利ETF摩根,sh000015,broad_inferred,1.632,90.58,1210,,,488981222.0,15196137849
561580,央企红利ETF华泰柏瑞,sh000015,broad_inferred,1.221,90.58,1210,,,104873822.0,2261744630
159940,金融地产ETF广发,sz399393,industry_inferred,1.155,8.1,1210,,,1200450.3,519819282
515300,300红利低波ETF嘉实,sh000300,broad_inferred,1.288,91.16,1210,,,119320549.0,5235301658
561680,A500红利低波ETF平安,sh000905,broad_inferred,0.98,97.11,1210,,,1708594.0,69745620
159296,A500红利低波ETF华宝,sh000905,broad_inferred,0.983,97.11,1210,,,5869006.3,45260211
159929,医药ETF汇添富,sz399394,industry_inferred,1.236,5.45,1210,,,79636366.16,2252862401
520850,港股通医疗ETF易方达,sz399394,industry_inferred,0.753,5.45,1210,,,12287542.0,139492949
159245,港股通消费ETF富国,sz399932,industry_inferred,0.819,0.5,1210,,,3691575.311,77897789
562320,沪深300价值ETF银华,sh000300,broad_inferred,1.29,91.16,1210,,,6971031.0,71331195
159515,国企红利ETF鹏扬,sh000015,broad_inferred,1.169,90.58,1210,,,2414461.6,41834572
563980,800红利低波ETF鑫元,sh000015,broad_inferred,0.984,90.58,1210,,,7982192.0,214479528
530880,红利国企ETF银河,sh000015,broad_inferred,1.054,90.58,1210,,,2614505.0,61486144
159151,食品ETF华夏,sz399932,industry_inferred,0.924,0.5,1210,,,17818653.3,107415982
563700,红利价值ETF易方达,sh000015,broad_inferred,1.056,90.58,1210,,,8211387.0,397214400
512750,基本面50ETF嘉实,sh000016,broad_inferred,1.39,69.42,1210,,,9149035.0,69715311
560420,食品ETF前海开源,sz399932,industry_inferred,0.931,0.5,1210,,,4226097.0,170168366
560700,央企红利ETF广发,sh000015,broad_inferred,1.194,90.58,1210,,,7494013.0,448988054
510720,红利国企ETF国泰,sh000015,broad_inferred,1.001,90.58,1210,,,217807120.0,2615378766
512530,沪深300红利ETF建信,sh000300,broad_inferred,1.568,91.16,1210,,,4047675.0,168563136
515080,中证红利ETF招商,sh000015,broad_inferred,1.571,90.58,1210,,,401297228.0,10917112966
159931,金融地产ETF汇添富,sz399393,industry_inferred,1.771,8.1,1210,,,545329.5,36887293
520990,港股央企红利ETF景顺,sh000015,broad_inferred,1.037,90.58,1210,,,178241672.0,4575731938
517770,游戏传媒ETF浦银,sz399397,industry_inferred,0.975,50.91,1210,,,8126556.0,164724105
510150,消费ETF招商,sz399932,industry_inferred,0.487,0.5,1210,,,42845553.0,1459625982
520900,港股通红利ETF广发,sh000015,broad_inferred,1.058,90.58,1210,,,107039085.0,1841105158
560160,食品ETF易方达,sz399932,industry_inferred,0.925,0.5,1210,,,5202302.0,113503050
159612,标普500ETF国泰,sh000905,broad_inferred,1.981,97.11,1210,,,73196268.975,881344238
560320,食品ETF富国,sz399932,industry_inferred,0.935,0.5,1210,,,11177338.0,181700420
560070,央企红利ETF汇添富,sh000015,broad_inferred,1.176,90.58,1210,,,4392604.0,155658065
560330,沪深300价值ETF申万菱信,sh000300,broad_inferred,1.193,91.16,1210,,,1539490.0,20436090
515630,证券保险ETF鹏华,sz399975,industry_inferred,1.205,50.33,1210,,,38819739.0,791947324
159838,医药50ETF博时,sh000016,broad_inferred,0.535,69.42,1210,,,1543942.9,154488449
560130,食品ETF鹏华,sz399932,industry_inferred,0.922,0.5,1210,,,350516.0,70787656
520890,港股通红利低波ETF华泰柏瑞,sh000015,broad_inferred,1.387,90.58,1210,,,16799576.0,117212596
159589,红利ETF广发,sh000015,broad_inferred,1.083,90.58,1210,,,17395558.16,195578975
515180,红利ETF易方达,sh000015,broad_inferred,1.402,90.58,1210,,,591558522.0,15717313153
515950,医药50ETF富国,sz399394,industry,0.864,5.45,1210,,,11830501.0,515981325
513950,恒生红利ETF富国,sh000015,broad_inferred,1.331,90.58,1210,,,89508348.0,2895748900
513530,港股通红利ETF华泰柏瑞,sh000015,broad_inferred,1.607,90.58,1210,,,209783029.0,3837417497
520660,港股通央企红利ETF南方,sh000015,broad_inferred,1.047,90.58,1210,,,108807995.0,2557282323
159581,红利ETF万家,sh000015,broad_inferred,1.058,90.58,1210,,,24165700.1,1461336803
159692,证券ETF东财,sz399975,industry_inferred,1.148,50.33,1210,,,83698317.4,1323019451
159691,港股红利ETF工银,sh000015,broad_inferred,1.241,90.58,1210,,,310382335.1,5645683166
515890,红利ETF博时,sh000015,broad_inferred,1.436,90.58,1210,,,9478668.0,480261446
560020,红利ETF汇添富,sh000015,broad_inferred,1.099,90.58,1210,,,3873300.0,111616638
159841,证券ETF天弘,sz399975,industry_inferred,0.936,50.33,1210,,,322871861.716,10470880862
560090,证券ETF汇添富,sz399975,industry_inferred,1.109,50.33,1210,,,215183011.0,2777340794
512880,证券ETF国泰,sz399975,industry,1.033,50.33,1210,,,2846651872.0,54542701206
510200,上证券商ETF汇安,sz399975,industry_inferred,1.112,50.33,1210,,,2977116.0,175568676
563850,食品ETF广发,sz399932,industry_inferred,0.951,0.5,1210,,,1760769.0,56757297
562870,证券ETF嘉实,sz399975,industry_inferred,0.874,50.33,1210,,,11704743.0,408162545
520550,港股红利低波ETF招商,sh000015,broad_inferred,1.145,90.58,1210,,,52013088.0,1221742480
510880,红利ETF华泰柏瑞,sh000015,broad,3.206,90.58,1210,,,681631366.0,20610333922
159842,券商ETF银华,sz399975,industry_inferred,0.983,50.33,1210,,,527800850.846,9853838363
513920,港股通央企红利ETF华安,sh000015,broad_inferred,1.613,90.58,1210,,,210479278.0,5307142616
159750,港股科技50ETF招商,sh000016,broad_inferred,0.9,69.42,1210,,,105593779.3,1498156430
159260,证券ETF博时,sz399975,industry_inferred,0.814,50.33,1210,,,9567926.8,846326857
516980,证券先锋ETF华富,sz399975,industry_inferred,1.006,50.33,1210,,,3795927.0,52328096
159545,恒生红利低波ETF易方达,sh000015,broad_inferred,1.368,90.58,1210,,,90540032.996,7009363390
515850,证券ETF富国,sz399975,industry_inferred,1.284,50.33,1210,,,36150909.0,375943654
159336,央企红利ETF融通,sh000015,broad_inferred,1.207,90.58,1210,,,7442636.5,458545441
516730,证券ETF浦银,sz399975,industry_inferred,0.935,50.33,1210,,,3213736.0,92921048
159127,港股通红利ETF南方,sh000015,broad_inferred,0.951,90.58,1210,,,12048595.364,190051899
159569,港股红利低波ETF景顺,sh000015,broad_inferred,1.432,90.58,1210,,,69824814.4,467042859
513820,港股通红利ETF汇添富,sh000015,broad_inferred,1.238,90.58,1210,,,91350001.0,2526967232
159016,证券ETF广发,sz399975,industry_inferred,0.951,50.33,1210,,,19051262.192,246822686
159008,证券ETF景顺,sz399975,industry_inferred,0.963,50.33,1210,,,10906463.515,189985003
159266,港股央企红利ETF永赢,sh000015,broad_inferred,0.975,90.58,1210,,,19729127.0,418967344
159333,港股央企红利ETF万家,sh000015,broad_inferred,1.37,90.58,1210,,,9162319.9,361615384
159118,港股通红利低波ETF华夏,sh000015,broad_inferred,0.984,90.58,1210,,,7652135.064,79386188
159277,港股通红利ETF富国,sh000015,broad_inferred,0.982,90.58,1210,,,5497087.5,67322985
516200,证券ETF华安,sz399975,industry_inferred,0.987,50.33,1210,,,6708822.0,348020148
512000,券商ETF华宝,sz399975,industry,0.493,50.33,1210,,,1292565309.0,35790339269
512900,证券ETF南方,sz399975,industry_inferred,1.021,50.33,1210,,,44284347.0,6846729944
159993,证券ETF鹏华,sz399387,industry,1.118,62.15,1210,,,253953950.4,3629249346
159848,证券ETF国联安,sz399975,industry_inferred,0.823,50.33,1210,,,3438392.8,132347650
520810,港股通红利ETF易方达,sh000015,broad_inferred,1.026,90.58,1210,,,7338801.0,281493360
560400,证券ETF华泰柏瑞,sz399975,industry_inferred,0.931,50.33,1210,,,34989683.0,224829983
512570,证券ETF易方达,sz399975,industry_inferred,1.038,50.33,1210,,,244365058.0,3046328728
512200,房地产ETF南方,sz399393,industry,1.354,8.1,1210,,,242965974.0,4566159062
159281,港股央企红利ETF天弘,sh000015,broad_inferred,0.956,90.58,1210,,,44423798.016,373062802
520610,港股红利低波ETF银华,sh000015,broad_inferred,0.963,90.58,1210,,,4933507.0,290790377
159188,红利100ETF景顺,sh000015,broad_inferred,0.971,90.58,1210,,,1860319.372,70496427
563900,300自由现金流ETF摩根,sh000300,broad_inferred,1.179,91.16,1210,,,30451525.0,646051556
515010,证券ETF华夏,sz399975,industry_inferred,1.186,50.33,1210,,,54029100.0,1782880118
159331,红利港股ETF国泰,sh000015,broad_inferred,1.294,90.58,1210,,,5328448.7,210526268
515060,房地产ETF华夏,sz399393,industry_inferred,0.65,8.1,1210,,,63764806.0,660710762
515960,医药ETF嘉实,sz399394,industry_inferred,0.769,5.45,1210,,,10883573.0,199164771
159143,港股通央企红利ETF平安,sh000015,broad_inferred,0.997,90.58,1210,,,1458417.52,56384793
513910,港股通央企红利ETF华夏,sh000015,broad_inferred,1.561,90.58,1210,,,234735958.0,3803026836
515560,证券ETF建信,sz399975,industry_inferred,0.946,50.33,1210,,,13046929.0,188143602
159220,港股通红利低波ETF华宝,sh000015,broad_inferred,0.601,90.58,1210,,,20211687.1,301443282
562080,300现金流ETF华宝,sh000300,broad_inferred,0.624,91.16,1210,,,26148916.0,469720493
159117,港股通红利低波ETF鹏华,sh000015,broad_inferred,1.03,90.58,1210,,,1628731.871,68393188
516190,传媒ETF华夏,sz399397,industry_inferred,1.077,50.91,1210,,,39947647.0,112889525
159377,创业板医药ETF国泰,sz399006,broad_inferred,0.963,99.59,1210,,,19418277.072,77164611
159617,中证500价值ETF华夏,sh000905,broad_inferred,1.371,97.11,1210,,,1642435.9,38961602
588700,科创医药ETF嘉实,sh000688,broad_inferred,0.994,99.17,1210,,,39824369.0,417814191
520950,港股通50ETF摩根,sh000016,broad_inferred,0.849,69.42,1210,,,40582263.0,313638436
513690,港股红利ETF博时,sh000015,broad_inferred,1.138,90.58,1210,,,221763764.0,4666915131
588250,科创医药ETF鹏华,sh000688,broad_inferred,1.036,99.17,1210,,,7023614.0,260735300
517100,沪港深500ETF富国,sh000905,broad_inferred,1.044,97.11,1210,,,1454639.0,168712592
516600,消费服务ETF工银,sz399932,industry_inferred,0.6,0.5,1210,,,1882210.0,71599260
159712,港股通50ETF国泰,sh000016,broad_inferred,1.228,69.42,1210,,,18577816.1,155684382
159510,沪深300价值ETF华夏,sh000300,broad_inferred,1.242,91.16,1210,,,4143076.7,75921401
512170,医疗ETF华宝,sz399394,industry,0.315,5.45,1210,,,576228914.0,25975472947
513550,港股通50ETF华泰柏瑞,sh000016,broad_inferred,1.11,69.42,1210,,,52738110.0,2256621120
515380,沪深300ETF泰康,sh000300,broad_inferred,5.721,91.16,1210,,,22103600.0,3676885602
563960,300质量ETF兴全,sh000300,broad_inferred,0.966,91.16,1210,,,6651982.0,247790592
562330,中证500价值ETF银华,sh000905,broad_inferred,1.29,97.11,1210,,,498258.0,12924381
588860,科创医药ETF工银,sh000688,broad_inferred,0.662,99.17,1210,,,17516316.0,252148788
512550,富时A50ETF嘉实,sh000016,broad_inferred,1.908,69.42,1210,,,13645289.0,213516648
159126,港股通50ETF南方,sh000016,broad_inferred,0.93,69.42,1210,,,12073918.17,293523386
159109,恒生50ETF景顺,sh000016,broad_inferred,0.824,69.42,1210,,,11367991.274,400599017
159711,港股通50ETF华夏,sh000016,broad_inferred,1.32,69.42,1210,,,30901567.6,63974007
512030,中证A50增强ETF易方达,sh000016,broad_inferred,1.136,69.42,1210,,,3972759.0,49120640
510800,上证50ETF建信,sh000016,broad,1.392,69.42,1210,,,3247985.0,266673792
510050,上证50ETF华夏,sh000016,broad,2.997,69.42,1210,,,1889896638.0,23859617043
159136,A50ETF广发,sh000016,broad_inferred,1.059,69.42,1210,,,1388625.5,125400504
510100,上证50ETF易方达,sh000016,broad_inferred,2.939,69.42,1210,,,555134962.0,2659814985
563060,央企50ETF易方达,sh000016,broad_inferred,1.106,69.42,1210,,,4633397.0,239478862
512150,富时A50ETF汇安,sh000016,broad_inferred,1.987,69.42,1210,,,541185.0,37898846
159593,中证A50ETF平安,sh000016,broad_inferred,1.417,69.42,1210,,,52531191.5,2823650300
530050,上证50ETF东财,sh000016,broad_inferred,1.166,69.42,1210,,,2887180.0,143199958
517030,沪港深300ETF易方达,sh000300,broad_inferred,1.166,91.16,1210,,,752200.0,101488990
560370,红利质量ETF易方达,sh000015,broad_inferred,0.9,90.58,1210,,,5134441.0,105375600
510850,上证50ETF工银,sh000016,broad_inferred,3.533,69.42,1210,,,17284062.0,201023814
510950,上证50ETF广发,sh000016,broad_inferred,0.979,69.42,1210,,,17988490.0,88326163
560250,红利质量ETF富国,sh000015,broad_inferred,0.98,90.58,1210,,,8042265.0,333526348
159596,A50ETF华宝,sh000016,broad_inferred,0.679,69.42,1210,,,16713157.0,360333784
517000,沪港深500ETF银华,sh000905,broad_inferred,1.031,97.11,1210,,,1105226.0,152374583
159595,中证A50ETF大成,sh000016,broad_inferred,1.417,69.42,1210,,,207998276.218,1327889472
510710,上证50ETF博时,sh000016,broad,4.234,69.42,1210,,,2597686.0,449307423
159591,A50ETF富国,sh000016,broad_inferred,1.424,69.42,1210,,,20440114.8,535289688
159847,医疗ETF易方达,sz399394,industry_inferred,0.373,5.45,1210,,,27667433.4,1470300859
563350,A50ETF华泰柏瑞,sh000016,broad_inferred,1.462,69.42,1210,,,16941911.0,274852491
516830,沪深300ESGETF富国,sh000300,broad_inferred,1.094,91.16,1210,,,7499785.0,92636529
159828,医疗ETF国泰,sz399394,industry_inferred,0.392,5.45,1210,,,47919675.0,2177732229
517010,沪港深500ETF易方达,sh000905,broad_inferred,1.146,97.11,1210,,,4442129.0,99867253
159578,深证主板50ETF南方,sh000016,broad_inferred,1.216,69.42,1210,,,199215.8,24318578
159805,传媒ETF鹏华,sz399397,industry,1.263,50.91,1210,,,49995482.7,353579982
159883,医疗器械ETF永赢,sz399394,industry_inferred,0.46,5.45,1210,,,85767032.3,4464777370
515460,红利质量ETF南方,sh000015,broad_inferred,0.903,90.58,1210,,,29714674.0,289042180
510680,上证50ETF万家,sh000016,broad_inferred,3.168,69.42,1210,,,10799151.0,61220650
530000,上证50ETF天弘,sh000016,broad_inferred,1.365,69.42,1210,,,1781318.0,1318630142
588130,科创医药ETF华夏,sh000688,broad_inferred,1.017,99.17,1210,,,13835619.0,80427004
510190,上证50ETF华安,sh000016,broad_inferred,4.272,69.42,1210,,,717214.0,113852218
516790,医疗ETF华泰柏瑞,sz399394,industry_inferred,0.541,5.45,1210,,,6808457.0,96721170
562070,沪深300指增ETF华宝,sh000300,broad_inferred,1.075,91.16,1210,,,5588014.0,471432650
159209,红利质量ETF招商,sh000015,broad_inferred,1.142,90.58,1210,,,84403795.7,2257317234
159965,央视50ETF国联,sh000016,broad_inferred,1.694,69.42,1210,,,331847.7,43073258
561230,中证A50ETF工银,sh000016,broad_inferred,1.385,69.42,1210,,,18116584.0,643301764
561930,沪深300ETF招商,sh000300,broad_inferred,1.639,91.16,1210,,,9602512.0,179078123
512980,传媒ETF广发,sz399397,industry,0.903,50.91,1210,,,262393170.0,4616067805
561990,沪深300增强ETF招商,sh000300,broad_inferred,1.051,91.16,1210,,,39466155.0,367481309
517080,沪港深500ETF汇添富,sh000905,broad_inferred,1.016,97.11,1210,,,2688343.0,200320656
560050,中国A50ETF汇添富,sh000016,broad_inferred,1.146,69.42,1210,,,140796080.0,2681564822
562530,中证1000价值ETF华夏,sh000852,broad_inferred,1.276,98.02,1210,,,4809520.0,48671744
561750,A50ETF博时,sh000016,broad_inferred,1.22,69.42,1210,,,5046928.0,87835120
159592,A50ETF银华,sh000016,broad_inferred,1.392,69.42,1210,,,17901969.698,966480166
563090,上证50增强ETF易方达,sh000016,broad_inferred,1.343,69.42,1210,,,8715639.0,62916864
563080,中证A50ETF易方达,sh000016,broad_inferred,1.425,69.42,1210,,,31713561.0,1588288470
510360,沪深300ETF广发,sh000300,broad_inferred,1.875,91.16,1210,,,60085836.0,2783214750
510310,沪深300ETF易方达,sh000300,broad_inferred,4.777,91.16,1210,,,1888006699.0,105572388499
515130,沪深300ETF博时,sh000300,broad_inferred,1.62,91.16,1210,,,10714296.0,114150384
159602,中国A50ETF南方,sh000016,broad_inferred,1.127,69.42,1210,,,17438438.994,462681898
159898,医疗器械ETF招商,sz399394,industry_inferred,0.509,5.45,1210,,,20663142.878,488181305
159873,医疗设备ETF天弘,sz399394,industry_inferred,0.548,5.45,1210,,,13728492.9,289300160
561900,沪深300ESGETF招商,sh000300,broad_inferred,1.036,91.16,1210,,,5731645.0,27282438
560260,医疗ETF广发,sz399394,industry_inferred,0.793,5.45,1210,,,7669894.0,1455682110
560350,中证A50ETF摩根,sh000016,broad_inferred,1.337,69.42,1210,,,20887976.0,1331026412
517170,沪港深500ETF华夏,sh000905,broad_inferred,1.029,97.11,1210,,,333416.0,16599622
159891,医疗ETF建信,sz399394,industry_inferred,0.404,5.45,1210,,,6183298.405,126058032
560120,中证500现金流ETF华夏,sh000905,broad_inferred,1.259,97.11,1210,,,31243410.0,947635461
560820,中证A50ETF新华,sh000016,broad_inferred,1.254,69.42,1210,,,4819.0,51321204
516610,医疗设备ETF大成,sz399394,industry_inferred,0.45,5.45,1210,,,8253610.0,99438660
510320,沪深300ETF中金,sh000300,broad_inferred,1.325,91.16,1210,,,34611465.0,764615757
517300,沪港深300ETF国寿,sh000300,broad_inferred,0.968,91.16,1210,,,3136322.0,1501788592
159791,300ESGETF华夏,sh000300,broad_inferred,1.163,91.16,1210,,,3311783.3,33823933
510600,上证50ETF申万菱信,sh000016,broad_inferred,3.832,69.42,1210,,,6451066.0,45275463
562890,A50ETF嘉实,sh000016,broad_inferred,1.424,69.42,1210,,,19101055.0,301960624
515310,沪深300ETF汇添富,sh000300,broad_inferred,1.463,91.16,1210,,,51581082.0,347625186
159300,沪深300ETF富国,sh000300,broad_inferred,5.256,91.16,1210,,,53838558.4,809203758
512250,A50ETF招商,sh000016,broad_inferred,1.286,69.42,1210,,,2106432.0,198172729
563520,沪深300ETF永赢,sh000300,broad_inferred,1.259,91.16,1210,,,16183592.0,499904845
562600,医疗器械ETF华夏,sz399394,industry_inferred,0.806,5.45,1210,,,35089852.0,405367551
515330,沪深300ETF天弘,sh000300,broad_inferred,1.412,91.16,1210,,,17817578.0,7785357910
159797,医疗器械ETF汇添富,sz399394,industry_inferred,0.707,5.45,1210,,,2738907.5,267945398
515390,沪深300ETF华安,sh000300,broad_inferred,1.428,91.16,1210,,,212084203.0,1083399335
159238,沪深300增强ETF景顺,sh000300,broad_inferred,1.363,91.16,1210,,,4819323.1,46364062
159390,中证A50ETF国联,sh000016,broad_inferred,1.278,69.42,1210,,,20250307.6,177985489
159601,A50ETF华夏,sh000016,broad_inferred,1.165,69.42,1210,,,97105497.608,1629355113
510300,沪深300ETF华泰柏瑞,sh000300,broad,4.923,91.16,1210,,,3243446893.0,137690834679
159925,沪深300ETF南方,sh000300,broad_inferred,4.959,91.16,1210,,,67921392.8,2554484365
159877,医疗ETF南方,sz399394,industry_inferred,0.538,5.45,1210,,,2475614.041,112868253
515360,沪深300ETF方正富邦,sh000300,broad_inferred,7.019,91.16,1210,,,654701.0,258153907
159919,沪深300ETF嘉实,sh000300,broad,5.132,91.16,1210,,,654509291.772,63569656032
510330,沪深300ETF华夏,sh000300,broad,5.124,91.16,1210,,,605064440.0,72906063842
159673,沪深300ETF鹏华,sh000300,broad_inferred,1.349,91.16,1210,,,47821797.1,1839399790
560180,沪深300ESGETF南方,sh000300,broad_inferred,1.244,91.16,1210,,,9289490.0,16300132
159393,沪深300ETF万家,sh000300,broad_inferred,5.17,91.16,1210,,,19042669.4,217379588
512240,A50ETF鹏华,sh000016,broad_inferred,1.205,69.42,1210,,,593048.0,20709130
563000,中国A50ETF易方达,sh000016,broad_inferred,1.167,69.42,1210,,,32250089.0,2025854938
563280,A50增强ETF富国,sh000016,broad_inferred,1.48,69.42,1210,,,1768583.0,9925768
561300,沪深300增强ETF国泰,sh000300,broad_inferred,1.065,91.16,1210,,,18843225.0,321592734
159380,A500ETF东财,sh000905,broad_inferred,1.44,97.11,1210,,,13104637.033,175398245
159237,港股汽车ETF工银,sz399976,industry_inferred,1.011,73.06,1210,,,22346613.9,45832902
159656,沪深300成长ETF万家,sh000300,broad_inferred,1.32,91.16,1210,,,16514561.1,348794755
563630,A500增强ETF国联安,sh000905,broad_inferred,1.34,97.11,1210,,,1164265.0,48169114
510350,沪深300ETF工银,sh000300,broad_inferred,5.14,91.16,1210,,,17718690.0,3525601579
159330,沪深300ETF东财,sh000300,broad_inferred,1.514,91.16,1210,,,24773152.2,462982726
159793,线上消费ETF平安,sz399932,industry_inferred,0.827,0.5,1210,,,248978.2,32880617
560650,核心50ETF民生加银,sh000016,broad_inferred,1.106,69.42,1210,,,832900.0,8758635
510390,沪深300ETF平安,sh000300,broad_inferred,5.512,91.16,1210,,,5214270.0,613761200
510370,沪深300ETF兴业,sh000300,broad_inferred,1.089,91.16,1210,,,8109610.0,88490071
562310,沪深300成长ETF银华,sh000300,broad_inferred,1.168,91.16,1210,,,29604685.0,631388451
515660,沪深300ETF国联安,sh000300,broad_inferred,6.089,91.16,1210,,,1925031.0,2837438733
159923,中证A100ETF大成,sh000903,broad,2.31,93.97,1210,,,1232245.8,19140226
159653,ESG300ETF国联安,sh000300,broad_inferred,1.26,91.16,1210,,,65736.9,70524806
510380,沪深300ETF国寿,sh000300,broad_inferred,1.451,91.16,1210,,,2111231.0,1681422282
159210,港股通汽车ETF汇添富,sz399976,industry_inferred,0.972,73.06,1210,,,46521559.1,41358408
520680,港股通汽车ETF南方,sz399976,industry_inferred,0.955,73.06,1210,,,9878417.0,71977395
159361,A500ETF易方达,sh000905,broad_inferred,1.323,97.11,1210,,,3857661004.439,24364487557
563600,A500增强ETF易方达,sh000905,broad_inferred,1.125,97.11,1210,,,7126599.0,51168375
515350,沪深300ETF民生加银,sh000300,broad_inferred,6.565,91.16,1210,,,4832424.0,70896748
516840,汽车ETF南方,sz399976,industry_inferred,0.9,73.06,1210,,,8764884.0,136149300
520720,港股汽车ETF国泰,sz399976,industry_inferred,0.873,73.06,1210,,,85541827.0,147486366
512080,A500ETF中金,sh000905,broad_inferred,1.386,97.11,1210,,,25601824.0,647519929
562580,可选消费ETF华夏,sz399932,industry_inferred,1.147,0.5,1210,,,3511657.0,38107125
520780,港股通汽车ETF华宝,sz399976,industry_inferred,0.96,73.06,1210,,,38536950.0,35001600
512910,A100ETF广发,sh000903,broad,1.392,93.97,1210,,,14735299.0,188795290
159226,中证A500增强ETF国泰,sh000905,broad_inferred,1.337,97.11,1210,,,8822544.8,76335801
520600,港股通汽车ETF广发,sz399976,industry_inferred,1.182,73.06,1210,,,251462795.0,541790976
159249,A500增强ETF工银,sh000905,broad_inferred,1.392,97.11,1210,,,11534671.7,129723157
159725,线上消费ETF工银,sz399932,industry_inferred,0.835,0.5,1210,,,7505360.2,138129812
159512,汽车ETF广发,sz399976,industry_inferred,1.237,73.06,1210,,,3127862.3,53518626
159362,A500ETF工银,sh000905,broad_inferred,1.379,97.11,1210,,,46547554.058,1976355485
159356,A500ETF万家,sh000905,broad_inferred,1.365,97.11,1210,,,60373838.0,952934674
159323,港股通汽车ETF华夏,sz399976,industry_inferred,1.22,73.06,1210,,,235332009.965,123338801
159350,深证50ETF富国,sh000016,broad_inferred,1.734,69.42,1210,,,76739150.876,169948719
563220,A500ETF富国,sh000905,broad_inferred,1.349,97.11,1210,,,490590369.0,7785097390
560510,中证A500ETF泰康,sh000905,broad_inferred,1.267,97.11,1210,,,88896622.0,3107985077
159529,标普消费ETF景顺,sz399932,industry_inferred,1.374,0.5,1210,,,1585415929.118,1115051541
159357,A500ETF博时,sh000905,broad_inferred,1.362,97.11,1210,,,34958553.13,1616467690
159386,A500ETF永赢,sh000905,broad_inferred,1.365,97.11,1210,,,30476289.5,83086948
563880,A500ETF汇添富,sh000905,broad_inferred,1.335,97.11,1210,,,122041008.0,1376380194
563550,A500增强ETF摩根,sh000905,broad_inferred,1.329,97.11,1210,,,10606694.0,101746911
159353,中证A500ETF景顺,sh000905,broad_inferred,1.311,97.11,1210,,,161224355.341,3825710130
159339,A500ETF银华,sh000905,broad_inferred,1.304,97.11,1210,,,70797198.663,2267769250
515550,中证500ETF国联,sh000905,broad_inferred,1.879,97.11,1210,,,1487484.0,30713570
563800,A500ETF广发,sh000905,broad_inferred,1.291,97.11,1210,,,442606037.0,9530133743
159379,A500ETF融通,sh000905,broad_inferred,1.424,97.11,1210,,,34193337.1,123633775
159360,A500ETF天弘,sh000905,broad_inferred,1.384,97.11,1210,,,108827018.847,1651367387
512020,A500ETF鹏华,sh000905,broad_inferred,1.364,97.11,1210,,,70436456.0,1328553328
159936,可选消费ETF广发,sz399932,industry_inferred,2.017,0.5,1210,,,5197476.8,218150842
159359,A500ETF华安,sh000905,broad_inferred,1.355,97.11,1210,,,29870627.42,941915285
561000,沪深300增强ETF华安,sh000300,broad_inferred,1.339,91.16,1210,,,7166767.0,66842880
512050,A500ETF华夏,sh000905,broad_inferred,1.289,97.11,1210,,,2287478203.0,18707247018
159351,A500ETF嘉实,sh000905,broad_inferred,1.297,97.11,1210,,,494760654.0,7485147122
561500,漂亮50ETF华泰柏瑞,sh000016,broad_inferred,0.862,69.42,1210,,,4023252.0,50944459
159358,中证A500ETF大成,sh000905,broad_inferred,1.385,97.11,1210,,,81805780.3,937792386
159215,A500ETF平安,sh000905,broad_inferred,1.374,97.11,1210,,,10638363.175,1292360767
520730,港股通汽车ETF万家,sz399976,industry_inferred,0.904,73.06,1210,,,2959842.0,173020538
159338,中证A500ETF国泰,sh000905,broad_inferred,1.295,97.11,1210,,,4010368278.332,24105242220
560530,中证A500ETF摩根,sh000905,broad_inferred,1.304,97.11,1210,,,82093899.0,2963501300
159901,深证100ETF易方达,sz399850,broad,4.046,99.53,633,,,458661736.385,4001635319
563360,A500ETF华泰柏瑞,sh000905,broad_inferred,1.368,97.11,1210,,,4504742116.0,31390110665
563860,中证A500ETF海富通,sh000905,broad_inferred,1.366,97.11,1210,,,43254247.0,245667314
563500,A500ETF华宝,sh000905,broad_inferred,0.677,97.11,1210,,,21236474.0,408880043
560610,A500ETF招商,sh000905,broad_inferred,1.266,97.11,1210,,,223590445.0,5224767314
563650,中证A500ETF兴业,sh000905,broad_inferred,1.361,97.11,1210,,,15194701.0,150947149
159523,沪深300成长ETF华夏,sh000300,broad_inferred,1.33,91.16,1210,,,11330480.3,88468073
563660,A500ETF银河,sh000905,broad_inferred,1.338,97.11,1210,,,18254509.0,88421998
159150,深证50ETF易方达,sh000016,broad_inferred,1.767,69.42,1210,,,16629159.488,151957800
159239,港股通汽车ETF富国,sz399976,industry_inferred,0.911,73.06,1210,,,14397941.2,86800766
159352,A500ETF南方,sh000905,broad_inferred,1.346,97.11,1210,,,3454912449.426,29675398883
159376,A500ETF浦银,sh000905,broad_inferred,1.406,97.11,1210,,,9016697.0,94092778
560750,A500ETF申万菱信,sh000905,broad_inferred,1.415,97.11,1210,,,6973571.0,94175042
159028,港股汽车ETF天弘,sz399976,industry_inferred,0.898,73.06,1210,,,8006562.134,144083216
159121,港股通汽车ETF易方达,sz399976,industry_inferred,0.866,73.06,1210,,,16484679.364,95676656
512400,有色金属ETF南方,sz399395,industry,1.965,92.64,1210,,,993563687.0,25997026714
159240,A500增强ETF天弘,sh000905,broad_inferred,1.359,97.11,1210,,,2082626.1,19868276
512370,A500增强ETF华夏,sh000905,broad_inferred,1.23,97.11,1210,,,7283122.0,486235000
159186,港股通汽车ETF鹏华,sz399976,industry_inferred,0.865,73.06,1210,,,6265607.973,100226897
159728,在线消费ETF南方,sz399932,industry_inferred,0.851,0.5,1210,,,5268418.7,33112520
517950,沪深港科技50ETF交银,sh000016,broad_inferred,1.208,69.42,1210,,,13740565.0,87728826
513310,中韩半导体ETF华泰柏瑞,sz399395,industry_inferred,5.979,92.64,1210,,,5693229603.0,13365618081
561090,A500增强ETF华安,sh000905,broad_inferred,1.302,97.11,1210,,,12831390.0,246044148
516110,汽车ETF国泰,sz399395,industry,1.236,92.64,1210,,,35218228.0,294938152
159610,中证500增强ETF景顺,sh000905,broad_inferred,1.301,97.11,1210,,,16877219.161,178976237
159367,创业板50ETF华夏,sh000016,broad_inferred,2.078,69.42,1210,,,11789617.0,187184222
560100,中证500增强ETF南方,sh000905,broad_inferred,1.398,97.11,1210,,,16157866.0,81196259
159298,创业板50ETF大成,sh000016,broad_inferred,1.458,69.42,1210,,,12273172.372,204529818
159243,创业板人工智能ETF招商,sz399006,broad_inferred,1.436,99.59,1210,,,70457534.178,205391402
159335,央企科创ETF融通,sh000688,broad_inferred,1.621,99.17,1210,,,5065073.4,97719860
159678,500增强ETF博时,sh000905,broad_inferred,1.601,97.11,1210,,,9258373.7,123507054
159912,深300ETF汇添富,sh000300,broad_inferred,2.135,91.16,1210,,,1569567.5,124788596
159903,深成ETF南方,sz399850,broad,1.896,99.53,633,,,53384953.7,525484955
159369,创业板50ETF易方达,sh000016,broad_inferred,1.683,69.42,1210,,,22701722.5,410237127
159991,创业板大盘ETF招商,sz399006,broad_inferred,0.976,99.59,1210,,,9638479.5,97466456
562340,中证500成长ETF银华,sh000905,broad_inferred,1.412,97.11,1210,,,1136531.0,11499752
159372,创业板50ETF万家,sh000016,broad_inferred,2.197,69.42,1210,,,6566307.9,137206139
159373,创业板50ETF嘉实,sh000016,broad_inferred,2.108,69.42,1210,,,70716009.663,296295197
159606,中证500成长ETF易方达,sh000905,broad_inferred,1.322,97.11,1210,,,9197740.18,387640584
159375,创业板50ETF国泰,sh000016,broad_inferred,2.196,69.42,1210,,,19487426.0,229785344
515190,中证500ETF中银证券,sh000905,broad_inferred,1.754,97.11,1210,,,15313072.0,539295532
560590,中证1000增强ETF鹏华,sh000852,broad_inferred,1.59,98.02,1210,,,9502159.0,26568900
563030,中证500增强ETF易方达,sh000905,broad_inferred,1.622,97.11,1210,,,2886793.0,164907118
159958,创业板ETF工银,sz399006,broad_inferred,2.454,99.59,1210,,,11520515.8,542362093
512260,中证500低波动ETF华安,sh000905,broad_inferred,1.963,97.11,1210,,,833379.0,41807385
516590,智能汽车ETF易方达,sz399976,industry_inferred,1.323,73.06,1210,,,9092404.0,68815845
560500,500质量成长ETF鹏扬,sh000905,broad_inferred,1.357,97.11,1210,,,2416238.0,383134034
159908,创业板ETF博时,sz399006,broad_inferred,3.767,99.59,1210,,,94236305.9,1085758733
159949,创业板50ETF华安,sz399006,broad,1.965,99.59,1210,,,3753715059.957,24679977949
159758,红利质量ETF华夏,sh000015,broad_inferred,1.073,90.58,1210,,,44275721.776,1225678011
159205,创业板ETF东财,sz399006,broad_inferred,1.982,99.59,1210,,,87109315.9,596693119
561590,中证1000增强ETF华泰柏瑞,sh000852,broad_inferred,1.615,98.02,1210,,,9522677.0,103359354
159370,创50ETF工银,sh000016,broad_inferred,2.178,69.42,1210,,,4087231.8,251158268
159977,创业板ETF天弘,sz399006,broad_inferred,2.108,99.59,1210,,,200703059.048,6252059896
159383,创业板50ETF华泰柏瑞,sh000016,broad_inferred,2.042,69.42,1210,,,5664358.5,63490856
159291,创业板综增强ETF招商,sz399006,broad_inferred,1.328,99.59,1210,,,2052657.409,28495411
159948,创业板ETF南方,sz399006,broad,4.479,99.59,1210,,,103032061.6,4508999124
159371,创业板50ETF富国,sh000016,broad_inferred,2.06,69.42,1210,,,10217040.2,346535614
159682,创业板50ETF景顺,sh000016,broad_inferred,1.91,69.42,1210,,,453250545.572,4250337638
159279,创业板人工智能ETF华安,sz399006,broad_inferred,1.601,99.59,1210,,,113407861.214,213553442
159952,创业板ETF广发,sz399006,broad_inferred,2.461,99.59,1210,,,541438093.8,8529296708
159810,创业板ETF浦银,sz399006,broad_inferred,1.629,99.59,1210,,,3795630.5,78966521
159870,化工ETF鹏华,sz399394,industry,0.816,5.45,1210,,,1125390123.894,18637935292
159915,创业板ETF易方达,sz399006,broad,4.053,99.59,1210,,,6627594234.918,42619139018
588320,双创50增强ETF广发,sh000016,broad_inferred,2.057,69.42,1210,,,14299116.0,73691202
159821,创业板ETF中银证券,sz399006,broad_inferred,1.522,99.59,1210,,,7432047.2,86480040
159677,中证1000增强ETF银华,sh000852,broad_inferred,1.567,98.02,1210,,,17381749.3,46859711
159242,创业板人工智能ETF大成,sz399006,broad_inferred,2.376,99.59,1210,,,127189695.1,791869897
159287,创业板综ETF博时,sz399006,broad_inferred,1.279,99.59,1210,,,6519918.1,135022435
159681,创业板50ETF鹏华,sh000016,broad_inferred,1.927,69.42,1210,,,243218417.1,1421687291
159676,创业板增强ETF富国,sz399006,broad_inferred,1.783,99.59,1210,,,17638265.212,172173938
510530,中证500ETF工银,sh000905,broad_inferred,9.222,97.11,1210,,,7409217.0,419411027
159880,有色ETF鹏华,sz399395,industry,1.983,92.64,1210,,,93868073.5,1361431664
159861,碳中和50ETF国泰,sh000016,broad_inferred,1.244,69.42,1210,,,3972520.5,125790214
516660,新能源车ETF华安,sz399976,industry_inferred,1.19,73.06,1210,,,2173873.0,193599910
159971,创业板ETF富国,sz399006,broad_inferred,1.408,99.59,1210,,,176257367.7,1895196566
159363,创业板人工智能ETF华宝,sz399006,broad_inferred,1.407,99.59,1210,,,1712648754.252,7536131167
159388,创业板人工智能ETF国泰,sz399006,broad_inferred,1.154,99.59,1210,,,214726328.5,1046374489
159381,创业板人工智能ETF华夏,sz399006,broad_inferred,2.667,99.59,1210,,,749634048.202,2351164814
159957,创业板ETF华夏,sz399006,broad_inferred,2.659,99.59,1210,,,257705988.7,1919225145
159637,新能源车ETF东财,sz399976,industry_inferred,0.97,73.06,1210,,,15837552.384,638035053
159968,中证500ETF博时,sh000905,broad_inferred,10.782,97.11,1210,,,15994116.7,643632547
159382,创业板人工智能ETF南方,sz399006,broad_inferred,3.013,99.59,1210,,,233017847.612,2467814860
512500,中证500ETF华夏,sh000905,broad_inferred,4.678,97.11,1210,,,647507338.0,7353857166
561780,1000增强ETF博时,sh000852,broad_inferred,1.66,98.02,1210,,,1288419.0,25490628
516020,化工ETF华宝,sz399394,industry,0.868,5.45,1210,,,171628591.0,3628089149
159956,创业板ETF建信,sz399006,broad_inferred,2.567,99.59,1210,,,13049963.0,115460256
159781,科创创业ETF易方达,sh000688,broad_inferred,1.3,99.17,1210,,,735877909.38,14611818624
159246,创业板人工智能ETF富国,sz399006,broad_inferred,1.326,99.59,1210,,,240728077.6,3744167326
159500,中证500ETF富国,sh000905,broad_inferred,1.234,97.11,1210,,,22633692.5,166514559
510580,中证500ETF易方达,sh000905,broad_inferred,4.338,97.11,1210,,,217312069.0,4101007703
159966,创业板价值ETF华夏,sz399006,broad_inferred,0.632,99.59,1210,,,10685530.999,372374097
560950,中证500增强ETF汇添富,sh000905,broad_inferred,1.429,97.11,1210,,,1640746.0,16409207
159675,创业板增强ETF嘉实,sz399006,broad_inferred,1.675,99.59,1210,,,8290591.7,86843207
159247,创业板ETF汇添富,sz399006,broad_inferred,1.215,99.59,1210,,,29567923.821,225971734
512510,中证500ETF华泰柏瑞,sh000905,broad_inferred,2.463,97.11,1210,,,14166126.0,1026898117
515590,500等权ETF前海开源,sh000905,broad_inferred,2.0,97.11,1210,,,1989283.0,72227400
510510,中证500ETF广发,sh000905,broad,2.669,97.11,1210,,,118482896.0,2228717233
561950,中证500增强ETF招商,sh000905,broad_inferred,1.448,97.11,1210,,,8674435.0,126201888
515030,新能源车ETF华夏,sz399976,industry,1.947,73.06,1210,,,330634731.0,4685229648
510500,中证500ETF南方,sh000905,broad,8.443,97.11,1210,,,2791724835.0,36576500368
561550,中证500增强ETF华泰柏瑞,sh000905,broad_inferred,1.475,97.11,1210,,,79553488.0,1438109660
561280,中证1000增强ETF工银,sh000852,broad_inferred,1.749,98.02,1210,,,12615393.0,132657627
159806,新能源车ETF国泰,sz399976,industry,0.855,73.06,1210,,,36418622.96,758461471
159597,创业板成长ETF易方达,sz399006,broad_inferred,2.798,99.59,1210,,,41920815.3,632494556
159964,创业板ETF平安,sz399006,broad_inferred,2.628,99.59,1210,,,7265140.9,492702383
516580,新能源ETF博时,sz399976,industry_inferred,0.729,73.06,1210,,,2979016.0,105066469
516390,新能源车ETF汇添富,sz399976,industry_inferred,1.049,73.06,1210,,,5416321.0,194863289
560110,中证1000ETF汇添富,sh000852,broad_inferred,1.252,98.02,1210,,,33292090.0,190183182
560010,中证1000ETF广发,sh000852,broad_inferred,3.469,98.02,1210,,,579685046.0,2825922663
516300,中证1000ETF华泰柏瑞,sh000852,broad_inferred,3.49,98.02,1210,,,14151651.0,73333974
561350,中证500ETF国泰,sh000905,broad_inferred,1.319,97.11,1210,,,34200234.0,97210300
515530,中证500ETF泰康,sh000905,broad_inferred,4.541,97.11,1210,,,10341459.0,55594101
159820,中证500ETF天弘,sh000905,broad_inferred,1.429,97.11,1210,,,20927873.906,1881147695
159106,民企300ETF前海开源,sh000300,broad_inferred,1.185,91.16,1210,,,1483394.508,49271693
159836,创业板300ETF天弘,sh000300,broad_inferred,1.464,91.16,1210,,,2707815.4,146029773
516850,新能源ETF华夏,sz399976,industry_inferred,1.146,73.06,1210,,,19547888.0,152689602
510550,中证500ETF方正富邦,sh000905,broad_inferred,2.132,97.11,1210,,,1870922.0,50620716
159824,新能源车ETF博时,sz399976,industry_inferred,1.3,73.06,1210,,,4796091.5,114575591
510590,中证500ETF平安,sh000905,broad_inferred,8.91,97.11,1210,,,2797609.0,1322120151
159620,中证500成长ETF华夏,sh000905,broad_inferred,1.281,97.11,1210,,,4064504.6,30924536
159967,创业板成长ETF华夏,sz399006,broad_inferred,0.931,99.59,1210,,,1458104102.578,5830765352
159337,中证500ETF东财,sh000905,broad_inferred,1.887,97.11,1210,,,32944441.5,456107923
159922,中证500ETF嘉实,sh000905,broad,3.353,97.11,1210,,,662690316.389,7409046203
159935,中证500ETF景顺,sh000905,broad_inferred,2.61,97.11,1210,,,1676501.9,61525415
563750,中证500ETF汇添富,sh000905,broad_inferred,1.153,97.11,1210,,,31052400.0,411894270
512100,中证1000ETF南方,sh000852,broad,3.383,98.02,1210,,,4591159130.0,9956905141
510560,中证500ETF国寿,sh000905,broad_inferred,2.048,97.11,1210,,,2527172.0,127628698
515700,新能源车ETF平安,sz399976,industry_inferred,2.604,73.06,1210,,,74608474.0,1704344582
159982,中证500ETF鹏华,sh000905,broad_inferred,2.206,97.11,1210,,,24920999.9,300482024
159633,中证1000ETF易方达,sh000852,broad_inferred,3.554,98.02,1210,,,812981534.139,1859320079
159289,创业板综指ETF鹏华,sz399006,broad_inferred,1.238,99.59,1210,,,739912.934,41971468
159563,创业板综ETF华夏,sz399006,broad_inferred,2.054,99.59,1210,,,7514583.2,43875028
516160,新能源ETF南方,sz399976,industry_inferred,3.117,73.06,1210,,,315457208.0,6634977114
159541,创业板综ETF万家,sz399006,broad_inferred,1.709,99.59,1210,,,13654014.5,115516994
159183,新能源车ETF招商,sz399976,industry_inferred,1.042,73.06,1210,,,13640978.135,57714080
159845,中证1000ETF华夏,sh000852,broad,3.477,98.02,1210,,,2094466187.95,4187787811
159292,创业板综增强ETF华宝,sz399006,broad_inferred,1.308,99.59,1210,,,2093183.772,44719907
159629,中证1000ETF富国,sh000852,broad_inferred,3.473,98.02,1210,,,181534064.768,1143494474
516090,新能源ETF易方达,sz399976,industry_inferred,0.613,73.06,1210,,,80688694.0,1214257862
515750,科技50ETF富国,sh000016,broad_inferred,1.962,69.42,1210,,,12660925.0,618305653
159875,新能源ETF嘉实,sz399976,industry_inferred,0.735,73.06,1210,,,206487011.734,1544722229
159680,中证1000增强ETF招商,sh000852,broad_inferred,1.745,98.02,1210,,,99244814.784,1293809450
159288,创业板综ETF银华,sz399006,broad_inferred,1.14,99.59,1210,,,5063277.2,127879421
588660,科创创业50ETF兴银,sh000016,broad_inferred,2.162,69.42,1210,,,6807831.0,72089728
515920,智能消费ETF博时,sz399932,industry_inferred,1.338,0.5,1210,,,8591530.0,88181827
159685,1000增强ETF天弘,sh000852,broad_inferred,1.551,98.02,1210,,,2195087.4,23947544
516000,大数据ETF华夏,sz399396,industry,1.008,0.58,1210,,,37029570.0,340557848
159679,中证1000增强ETF国泰,sh000852,broad_inferred,1.344,98.02,1210,,,4345429.2,70545426
510570,中证500ETF兴业,sh000905,broad_inferred,1.307,97.11,1210,,,2106367.0,59547704
516270,新能源ETF华安,sz399976,industry_inferred,0.747,73.06,1210,,,11778096.0,244201029
159012,科创创业50ETF鹏华,sh000016,broad_inferred,1.065,69.42,1210,,,27158060.324,124478423
159290,创业板综指增强ETF东财,sz399006,broad_inferred,1.355,99.59,1210,,,9014332.085,65176037
159603,科创创业ETF天弘,sh000688,broad_inferred,1.998,99.17,1210,,,28214430.0,4247891696
159752,新能源ETF申万菱信,sz399976,industry_inferred,0.77,73.06,1210,,,18527153.0,405758362
588350,科创创业50ETF鹏扬,sh000016,broad_inferred,2.006,69.42,1210,,,15790000.0,1333079276
159783,科创创业50ETF华夏,sh000016,broad_inferred,1.296,69.42,1210,,,332294716.966,5579616338
517800,人工智能50ETF方正富邦,sh000016,broad_inferred,1.091,69.42,1210,,,11195531.0,310432808
588390,科创创业ETF博时,sh000688,broad_inferred,1.4,99.17,1210,,,8031346.0,214110260
159852,软件ETF嘉实,sz399396,industry_inferred,0.748,0.58,1210,,,463539701.55,8223230608
159899,软件ETF招商,sz399396,industry_inferred,0.777,0.58,1210,,,26085482.7,630129695
588300,科创创业50ETF招商,sh000016,broad_inferred,1.326,69.42,1210,,,94331892.0,1767837118
159782,双创50ETF银华,sh000016,broad_inferred,1.288,69.42,1210,,,45519910.166,653261070
515230,软件ETF国泰,sz399396,industry_inferred,0.767,0.58,1210,,,249173657.0,4817289954
159780,科创创业50ETF南方,sh000016,broad_inferred,1.286,69.42,1210,,,204226010.465,3397674469
588330,双创50ETF华宝,sh000016,broad_inferred,1.309,69.42,1210,,,134554639.0,1154194791
159590,软件ETF汇添富,sz399396,industry_inferred,0.975,0.58,1210,,,57466235.0,562440200
588400,科创创业ETF嘉实,sh000688,broad_inferred,1.302,99.17,1210,,,45612568.0,1574899992
588310,科创创业ETF方正富邦,sh000688,broad_inferred,1.388,99.17,1210,,,7133765.0,45856050
562930,软件ETF易方达,sz399396,industry_inferred,0.774,0.58,1210,,,54119795.0,908240244
512720,计算机ETF国泰,sz399396,industry,1.222,0.58,1210,,,56971942.0,499130065
560660,云计算50ETF新华,sh000016,broad_inferred,1.156,69.42,1210,,,12642626.0,169860328
560360,软件ETF万家,sz399396,industry_inferred,1.336,0.58,1210,,,7618460.0,270332920
159909,TMT50ETF招商,sh000016,broad_inferred,1.456,69.42,1210,,,15751198.9,726634272
159773,创业板科技ETF华泰柏瑞,sz399006,broad_inferred,1.511,99.59,1210,,,15208497.6,208371614
159149,创业板新能源ETF工银,sz399006,broad_inferred,1.095,99.59,1210,,,22934074.047,67359251
588480,科创创业人工智能ETF中金,sh000688,broad_inferred,1.036,99.17,1210,,,33671574.0,283570820
588360,科创创业ETF国泰,sh000688,broad_inferred,1.402,99.17,1210,,,45063557.0,299301484
588380,科创创业ETF富国,sh000688,broad_inferred,1.315,99.17,1210,,,162525734.0,2891382550
159190,创业板新能源ETF天弘,sz399006,broad_inferred,1.084,99.59,1210,,,16253190.119,78123120
561010,软件ETF华安,sz399396,industry_inferred,0.963,0.58,1210,,,10997145.0,232425828
588470,科创创业人工智能ETF华安,sh000688,broad_inferred,0.974,99.17,1210,,,53139211.0,536583426
159261,创业板新能源ETF鹏华,sz399006,broad_inferred,1.781,99.59,1210,,,11680349.1,106530344
515320,电子50ETF华安,sh000016,broad_inferred,1.691,69.42,1210,,,16309725.0,130729519
159035,软件ETF天弘,sz399396,industry_inferred,0.897,0.58,1210,,,13815691.295,274356176
560790,软件ETF鹏华,sz399396,industry_inferred,0.912,0.58,1210,,,7831647.0,268543784
159009,创业板新能源ETF易方达,sz399006,broad_inferred,1.116,99.59,1210,,,6493710.1,57354257
159187,创业板新能源ETF景顺,sz399006,broad_inferred,1.09,99.59,1210,,,13184947.173,65592130
159293,创业板综增强ETF建信,sz399006,broad_inferred,1.166,99.59,1210,,,11313548.7,33999857
562520,中证1000成长ETF华夏,sh000852,broad_inferred,1.456,98.02,1210,,,6184734.0,53243008
159565,汽车零部件ETF易方达,sz399976,industry_inferred,1.529,73.06,1210,,,29763090.45,216548036
159586,计算机ETF南方,sz399396,industry_inferred,1.152,0.58,1210,,,18529181.1,279965863
159368,创业板新能源ETF华夏,sz399006,broad_inferred,1.701,99.59,1210,,,521933625.898,1080628018
159122,创业板新能源ETF富国,sz399006,broad_inferred,1.141,99.59,1210,,,7621456.21,85758627
588110,科创成长ETF广发,sh000688,broad_inferred,2.676,99.17,1210,,,41427344.0,398076408
159889,智能汽车ETF国泰,sz399976,industry_inferred,1.032,73.06,1210,,,3978525.6,33437621
159306,汽车零部件ETF平安,sz399976,industry_inferred,1.356,73.06,1210,,,1492835.1,30163699
159872,智能网联汽车ETF鹏华,sz399976,industry_inferred,0.945,73.06,1210,,,3318044.8,57928247
159998,计算机ETF天弘,sz399396,industry,1.014,0.58,1210,,,132998835.112,1737443735
159140,科创创业人工智能ETF易方达,sh000688,broad_inferred,1.439,99.17,1210,,,80393706.998,517949101
159573,创业板200ETF华夏,sz399006,broad_inferred,1.585,99.59,1210,,,30194676.435,135448231
588020,科创成长ETF易方达,sh000688,broad_inferred,2.741,99.17,1210,,,221509443.0,1243841153
589600,科创综指ETF富国,sh000688,broad_inferred,1.664,99.17,1210,,,12809118.0,388602240
159571,创业板200ETF富国,sz399006,broad_inferred,1.579,99.59,1210,,,237137.6,28393284
588410,科创创业人工智能ETF鹏华,sh000688,broad_inferred,1.37,99.17,1210,,,26901661.0,144192500
159022,科创创业人工智能ETF富国,sh000688,broad_inferred,1.143,99.17,1210,,,31581227.62,148168195
589700,科创成长ETF南方,sh000688,broad_inferred,2.279,99.17,1210,,,6691330.0,28011189
588680,科创100增强ETF广发,sh000688,broad_inferred,2.525,99.17,1210,,,8129704.0,89286525
588690,科创增强ETF银华,sh000688,broad_inferred,1.309,99.17,1210,,,986694.0,67591524
515260,电子ETF华宝,sz399395,industry_inferred,0.933,92.64,1210,,,90679820.0,838364317
159997,电子ETF天弘,sz399395,industry_inferred,2.272,92.64,1210,,,103133482.562,1563832686
589150,科创50ETF平安,sh000016,broad_inferred,1.288,69.42,1210,,,16636023.0,81707114
588070,科创成长ETF万家,sh000688,broad_inferred,2.352,99.17,1210,,,5043076.0,62179824
588210,科创100ETF易方达,sh000688,broad_inferred,1.784,99.17,1210,,,20424044.0,331385136
159387,创业板新能源ETF国泰,sz399006,broad_inferred,0.938,99.59,1210,,,642244513.0,1629483890
589950,科创100ETF富国,sh000688,broad_inferred,1.325,99.17,1210,,,10499422.0,386731736
588370,科创50增强ETF南方,sh000016,broad_inferred,1.854,69.42,1210,,,12354792.0,117306288
588500,科创100增强ETF易方达,sh000688,broad_inferred,2.673,99.17,1210,,,9839615.0,111322431
588030,科创100ETF博时,sh000688,broad_inferred,1.79,99.17,1210,,,372243678.0,5149540192
159153,消费电子ETF鹏华,sz399395,industry_inferred,1.356,92.64,1210,,,33867541.792,105396440
159142,科创创业人工智能ETF景顺,sh000688,broad_inferred,1.376,99.17,1210,,,86025267.457,1306181958
588430,科创创业人工智能ETF工银,sh000688,broad_inferred,1.395,99.17,1210,,,23319739.0,154088910
159193,新能源电池ETF银华,sz399976,industry_inferred,1.016,73.06,1210,,,45747386.972,233761620
515250,智能汽车ETF富国,sz399976,industry_inferred,1.083,73.06,1210,,,39128223.0,506783889
159270,创业板200ETF南方,sz399006,broad_inferred,1.224,99.59,1210,,,14942651.3,128230706
159888,智能汽车ETF华夏,sz399976,industry_inferred,1.196,73.06,1210,,,32030690.1,92625497
588190,科创100ETF银华,sh000688,broad_inferred,1.781,99.17,1210,,,269248091.0,2872073199
589550,科创价值ETF华夏,sh000688,broad_inferred,1.358,99.17,1210,,,3502361.0,34351289
159139,科创创业人工智能ETF华泰柏瑞,sh000688,broad_inferred,1.424,99.17,1210,,,53666070.056,222299515
560230,光伏ETF富国,sz399976,industry_inferred,0.975,73.06,1210,,,17019729.0,70091775
588420,科创创业人工智能ETF摩根,sh000688,broad_inferred,1.37,99.17,1210,,,36914914.0,215977760
588220,科创100ETF鹏华,sh000688,broad_inferred,1.782,99.17,1210,,,1056924520.0,6171418665
562700,汽车零部件ETF华夏,sz399976,industry_inferred,1.409,73.06,1210,,,34186686.0,156046750
512710,军工龙头ETF富国,sz399967,industry_inferred,0.69,84.3,1210,,,537456393.0,8021704274
159779,消费电子ETF招商,sz399395,industry_inferred,1.647,92.64,1210,,,32997316.2,235305798
159864,光伏ETF国泰,sz399976,industry_inferred,0.708,73.06,1210,,,32787829.4,509424997
159178,消费电子ETF汇添富,sz399395,industry_inferred,1.186,92.64,1210,,,19254764.202,93021531
159572,创业板200ETF易方达,sz399006,broad_inferred,1.575,99.59,1210,,,24484907.221,317754844
588980,科创100ETF广发,sh000688,broad_inferred,1.616,99.17,1210,,,3214048.0,23302720
159795,智能汽车ETF汇添富,sz399976,industry_inferred,1.023,73.06,1210,,,7302545.3,28817371
588880,科创100ETF华泰柏瑞,sh000688,broad_inferred,1.76,99.17,1210,,,17679773.0,174887680
588800,科创100ETF华夏,sh000688,broad_inferred,1.76,99.17,1210,,,397328644.0,2626583534
560310,光伏ETF博时,sz399976,industry_inferred,0.97,73.06,1210,,,5391673.0,178598340
562950,消费电子ETF易方达,sz399395,industry_inferred,1.781,92.64,1210,,,275271220.0,1945312039
159107,创业板软件ETF富国,sz399006,broad_inferred,0.812,99.59,1210,,,57655798.132,524408282
588550,科创综指增强ETF易方达,sh000688,broad_inferred,1.459,99.17,1210,,,8271644.0,86504110
588900,科创100ETF南方,sh000688,broad_inferred,1.818,99.17,1210,,,12009465.0,608635509
159256,创业板软件ETF华夏,sz399006,broad_inferred,0.897,99.59,1210,,,96074709.8,398432833
516230,光伏ETF招商,sz399976,industry_inferred,0.985,73.06,1210,,,10220817.0,773147193
589580,科创综指ETF兴银,sh000688,broad_inferred,1.654,99.17,1210,,,1465846.0,17126839
515370,光伏ETF华夏,sz399976,industry_inferred,1.024,73.06,1210,,,52149781.0,1140442120
159575,创业板200ETF银华,sz399006,broad_inferred,1.535,99.59,1210,,,6616343.7,20585002
561600,消费电子ETF平安,sz399395,industry_inferred,1.707,92.64,1210,,,39771609.0,229205718
159732,消费电子ETF华夏,sz399395,industry_inferred,1.55,92.64,1210,,,585743660.881,3587394251
589980,科创100ETF汇添富,sh000688,broad_inferred,1.833,99.17,1210,,,5978450.0,242179626
159618,光伏ETF华安,sz399976,industry_inferred,0.849,73.06,1210,,,4132182.1,56994565
516880,光伏ETF银华,sz399976,industry_inferred,0.909,73.06,1210,,,37070705.0,1007121183
516180,光伏ETF平安,sz399976,industry_inferred,0.884,73.06,1210,,,17419443.0,181208508
516290,光伏ETF汇添富,sz399976,industry_inferred,0.669,73.06,1210,,,45352972.0,522620723
588120,科创100ETF国泰,sh000688,broad_inferred,1.803,99.17,1210,,,189218163.0,1115716247
159141,科创创业人工智能ETF永赢,sh000688,broad_inferred,1.351,99.17,1210,,,128142415.913,1492937054
588960,科创新能源ETF富国,sh000688,broad_inferred,1.435,99.17,1210,,,47180010.0,243347013
512660,军工ETF国泰,sz399967,industry,1.284,84.3,1210,,,432869044.0,7584690638
589270,科创100ETF前海开源,sh000688,broad_inferred,1.115,99.17,1210,,,4676005.0,47406009
589780,科创200ETF富国,sh000688,broad_inferred,1.366,99.17,1210,,,9018002.0,82253690
589880,科创综指ETF建信,sh000688,broad_inferred,1.649,99.17,1210,,,22596758.0,626613404
588510,N科创创业人工智能ETF华夏,sh000688,broad_inferred,0.969,99.17,1210,,,91353229.0,400366583
159863,光伏ETF鹏华,sz399976,industry_inferred,0.716,73.06,1210,,,10381373.756,216038222
562970,光伏ETF易方达,sz399976,industry_inferred,1.243,73.06,1210,,,35211130.0,540018864
561100,消费电子ETF富国,sz399395,industry_inferred,1.848,92.64,1210,,,90053867.0,951252264
159609,光伏ETF浦银,sz399976,industry_inferred,0.625,73.06,1210,,,20120745.336,181814630
589660,科创综指ETF南方,sh000688,broad_inferred,1.668,99.17,1210,,,50655763.0,442904040
589960,科创新能源ETF易方达,sh000688,broad_inferred,1.101,99.17,1210,,,64925896.0,141275916
589900,科创综指ETF博时,sh000688,broad_inferred,1.663,99.17,1210,,,23654639.0,289209337
159123,光伏ETF嘉实,sz399976,industry_inferred,1.141,73.06,1210,,,17486724.389,508939654
588830,科创新能源ETF鹏华,sh000688,broad_inferred,1.576,99.17,1210,,,149825768.0,1003672297
589080,科创综指ETF汇添富,sh000688,broad_inferred,1.643,99.17,1210,,,31575705.0,226834223
512560,军工ETF易方达,sz399967,industry_inferred,0.8,84.3,1210,,,65909288.0,584101606
588950,科创50ETF景顺,sh000016,broad_inferred,1.831,69.42,1210,,,60303510.0,378522081
512680,军工ETF广发,sz399967,industry_inferred,1.311,84.3,1210,,,97168171.0,4331714556
589050,科创综指ETF兴业,sh000688,broad_inferred,1.45,99.17,1210,,,5011892.0,68103600
512810,军工ETF华宝,sz399967,industry,0.746,84.3,1210,,,61208770.0,629313294
560980,光伏龙头ETF广发,sz399976,industry_inferred,0.842,73.06,1210,,,42024755.0,423123524
589890,科创综指ETF景顺,sh000688,broad_inferred,1.643,99.17,1210,,,22009123.0,156063641
589800,科创综指ETF易方达,sh000688,broad_inferred,1.659,99.17,1210,,,176948240.0,1592620437
589680,科创综指ETF鹏华,sh000688,broad_inferred,1.619,99.17,1210,,,157918156.0,1457008844
512670,国防ETF鹏华,sz399967,industry_inferred,0.859,84.3,1210,,,333472161.0,2142906590
588450,科创50增强ETF招商,sh000016,broad_inferred,2.271,69.42,1210,,,23683085.0,110299518
589330,N科创200ETF东财,sh000688,broad_inferred,0.965,99.17,1210,,,26920669.0,208345430
589860,科创综指ETF天弘,sh000688,broad_inferred,1.649,99.17,1210,,,25879601.0,280699376
588870,科创50ETF汇添富,sh000016,broad_inferred,1.785,69.42,1210,,,115476208.0,454375320
588460,科创50增强ETF鹏华,sh000016,broad_inferred,2.135,69.42,1210,,,103442570.0,1338674890
589850,科创50ETF东财,sh000016,broad_inferred,1.685,69.42,1210,,,184531937.0,567941058
589000,科创综指ETF华夏,sh000688,broad_inferred,1.653,99.17,1210,,,165093068.0,1328198407
589990,科创综指ETF华泰柏瑞,sh000688,broad_inferred,1.719,99.17,1210,,,11908594.0,196120710
588940,科创50ETF富国,sh000016,broad_inferred,1.811,69.42,1210,,,118638330.0,643665620
588720,科创50ETF中银,sh000016,broad_inferred,1.77,69.42,1210,,,16097133.0,172117986
588080,科创50ETF易方达,sh000688,broad,1.791,99.17,1210,,,3129526065.0,35620533149
588040,科创50ETF鹏华,sh000016,broad_inferred,1.787,69.42,1210,,,13705340.0,107021643
589250,科创芯片设计ETF浦银,sh000688,broad_inferred,1.397,99.17,1210,,,21533633.0,88152516
589110,科创人工智能ETF国泰,sh000688,broad_inferred,1.07,99.17,1210,,,14316722.0,658491919
588930,科创人工智能ETF银华,sh000688,broad_inferred,1.806,99.17,1210,,,120764759.0,945132188
589010,科创人工智能ETF华夏,sh000688,broad_inferred,1.633,99.17,1210,,,207520266.0,1714311982
588090,科创50ETF华泰柏瑞,sh000016,broad_inferred,1.799,69.42,1210,,,303032695.0,3470401967
159638,高端装备ETF嘉实,sz399967,industry,0.947,84.3,1210,,,83559402.688,1412300813
588180,科创50ETF国联安,sh000016,broad_inferred,1.133,69.42,1210,,,77350954.0,1106208738
588140,科创200ETF广发,sh000688,broad_inferred,1.34,99.17,1210,,,11321841.0,344046340
588840,科创50ETF万家,sh000016,broad_inferred,1.622,69.42,1210,,,7108700.0,50664792
588000,科创50ETF华夏,sh000688,broad,1.844,99.17,1210,,,8654625508.0,60917772205
589770,科创综指ETF招商,sh000688,broad_inferred,1.668,99.17,1210,,,18626609.0,297853426
589220,科创200ETF国泰,sh000688,broad_inferred,1.124,99.17,1210,,,36703481.0,456901288
589500,科创综指ETF工银,sh000688,broad_inferred,1.665,99.17,1210,,,16605107.0,158281560
588150,科创50ETF南方,sh000016,broad_inferred,1.237,69.42,1210,,,58096415.0,375346136
588780,科创芯片设计ETF国联安,sh000688,broad_inferred,1.101,99.17,1210,,,400295266.0,1030428102
589060,科创综指ETF东财,sh000688,broad_inferred,1.732,99.17,1210,,,8846838.0,124942843
588270,科创200ETF易方达,sh000688,broad_inferred,1.859,99.17,1210,,,33882416.0,604937190
588730,科创人工智能ETF易方达,sh000688,broad_inferred,1.711,99.17,1210,,,195453456.0,1203511076
588060,科创50ETF广发,sh000016,broad_inferred,1.113,69.42,1210,,,711130228.0,5757704784
588240,科创200ETF鹏华,sh000688,broad_inferred,1.83,99.17,1210,,,55816647.0,229908390
589520,科创人工智能ETF华宝,sh000688,broad_inferred,0.698,99.17,1210,,,65682411.0,527761016
589300,科创综指ETF嘉实,sh000688,broad_inferred,1.801,99.17,1210,,,3396323.0,89298083
588050,科创50ETF工银,sh000016,broad_inferred,1.794,69.42,1210,,,812041536.0,8423262742
588280,科创50ETF华安,sh000016,broad_inferred,1.263,69.42,1210,,,26708678.0,328532823
588670,科创综指增强ETF嘉实,sh000688,broad_inferred,1.824,99.17,1210,,,5317332.0,76228608
588010,科创新材料ETF博时,sh000688,broad_inferred,1.131,99.17,1210,,,52714149.0,235164080
589560,科创人工智能ETF汇添富,sh000688,broad_inferred,1.109,99.17,1210,,,14987336.0,287624695
589180,科创新材料ETF汇添富,sh000688,broad_inferred,1.852,99.17,1210,,,10509760.0,37628936
588230,科创200ETF华泰柏瑞,sh000688,broad_inferred,1.992,99.17,1210,,,198084873.0,1338502504
588790,科创AIETF博时,sh000688,broad_inferred,0.923,99.17,1210,,,615973641.0,3152399432
588160,科创新材料ETF南方,sh000688,broad_inferred,1.154,99.17,1210,,,23766941.0,207138384
159665,半导体龙头ETF工银,sz399395,industry_inferred,2.602,92.64,1210,,,88587917.6,472462990
589070,科创芯片设计ETF天弘,sh000688,broad_inferred,1.197,99.17,1210,,,113707715.0,372617731
588820,科创200ETF华夏,sh000688,broad_inferred,2.126,99.17,1210,,,40135430.0,347388400
589090,科创AIETF鹏华,sh000688,broad_inferred,1.233,99.17,1210,,,10392385.0,227403423
588760,科创人工智能ETF广发,sh000688,broad_inferred,0.874,99.17,1210,,,432135770.0,1983570968
589230,科创人工智能ETF南方,sh000688,broad_inferred,0.999,99.17,1210,,,54299671.0,250801947
589210,科创芯片设计ETF广发,sh000688,broad_inferred,1.514,99.17,1210,,,9091678.0,79438066
589630,科创综指ETF国泰,sh000688,broad_inferred,1.669,99.17,1210,,,40824383.0,296462801
589260,科创芯片设计ETF国泰,sh000688,broad_inferred,1.393,99.17,1210,,,23414793.0,93548308
588100,科创信息ETF嘉实,sh000688,broad_inferred,2.711,99.17,1210,,,27212578.0,182311226
516920,芯片ETF汇添富,sz399395,industry_inferred,1.496,92.64,1210,,,89000413.0,747196660
589320,科创200ETF嘉实,sh000688,broad_inferred,0.948,99.17,1210,,,39435627.0,256010252
588920,科创芯片ETF鹏华,sh000688,broad_inferred,2.297,99.17,1210,,,56363745.0,300764586
159813,半导体ETF鹏华,sz399395,industry,1.594,92.64,1210,,,555800329.907,5570810691
159310,芯片ETF天弘,sz399395,industry_inferred,3.009,92.64,1210,,,33474071.6,1341957094
589160,科创芯片ETF广发,sh000688,broad_inferred,1.295,99.17,1210,,,55244217.0,267153320
589170,科创芯片设计ETF鹏华,sh000688,broad_inferred,1.207,99.17,1210,,,14248000.0,124211163
516350,芯片ETF易方达,sz399395,industry_inferred,1.743,92.64,1210,,,221414423.0,2141127861
589820,科创200ETF建信,sh000688,broad_inferred,1.384,99.17,1210,,,9364501.0,191988757
589380,科创AIETF富国,sh000688,broad_inferred,1.639,99.17,1210,,,13308221.0,166676958
589030,科创芯片设计ETF易方达,sh000688,broad_inferred,1.273,99.17,1210,,,137914053.0,387090031
159801,芯片ETF广发,sz399395,industry_inferred,1.234,92.64,1210,,,361548744.536,4933680297
589190,科创芯片ETF华宝,sh000688,broad_inferred,1.303,99.17,1210,,,110040040.0,1576344653
516640,芯片ETF富国,sz399395,industry,1.542,92.64,1210,,,248067930.0,1854228478
588990,科创芯片ETF博时,sh000688,broad_inferred,3.732,99.17,1210,,,155581219.0,670809833
588750,科创芯片ETF汇添富,sh000688,broad_inferred,2.392,99.17,1210,,,482887598.0,5987721376
588810,科创芯片ETF富国,sh000688,broad_inferred,2.544,99.17,1210,,,147055545.0,1000616256
589130,科创芯片ETF易方达,sh000688,broad_inferred,1.419,99.17,1210,,,245423393.0,4124720820
159995,芯片ETF华夏,sz399395,industry,2.491,92.64,1210,,,1505035655.964,27978820172
588890,科创芯片ETF南方,sh000688,broad_inferred,4.04,99.17,1210,,,266696196.0,3295872400
588910,科创价值ETF建信,sh000688,broad_inferred,1.582,99.17,1210,,,21358277.0,182007676
159516,半导体设备ETF国泰,sz399395,industry_inferred,1.208,92.64,1210,,,3098796562.003,23562257324
560780,半导体设备ETF广发,sz399395,industry_inferred,2.666,92.64,1210,,,533983274.0,5327990336
588520,科创增强ETF永赢,sh000688,broad_inferred,1.493,99.17,1210,,,5619599.0,19344801
588200,科创芯片ETF嘉实,sh000688,broad_inferred,3.586,99.17,1210,,,7154291675.0,45982900925
589280,科创增强ETF华宝,sh000688,broad_inferred,0.962,99.17,1210,,,29671353.0,90494378
588290,科创芯片ETF华安,sh000688,broad_inferred,3.508,99.17,1210,,,980843078.0,4653000704
561980,半导体设备ETF招商,sz399395,industry_inferred,3.082,92.64,1210,,,401884316.0,4099399020
159560,芯片ETF景顺,sz399395,industry_inferred,2.409,92.64,1210,,,32729610.1,411737752
159599,芯片ETF东财,sz399395,industry_inferred,2.976,92.64,1210,,,265181851.751,1606510462
588770,科创信息ETF摩根,sh000688,broad_inferred,1.923,99.17,1210,,,39061443.0,593432231
589200,科创200ETF工银,sh000688,broad_inferred,1.519,99.17,1210,,,7512671.0,38745133
159145,工业软件ETF广发,sz399396,industry_inferred,0.934,0.58,1210,,,6444954.28,81801443
589100,科创芯片ETF国泰,sh000688,broad_inferred,2.298,99.17,1210,,,103029463.0,819873564
159325,半导体ETF南方,sz399395,industry_inferred,2.175,92.64,1210,,,202330528.1,788351648
588850,科创机械ETF嘉实,sh000688,broad_inferred,1.873,99.17,1210,,,35563934.0,132569067
159108,工业软件ETF博时,sz399396,industry_inferred,1.073,0.58,1210,,,34867085.652,151012422
588260,科创信息ETF华安,sh000688,broad_inferred,2.641,99.17,1210,,,9584049.0,131379186
159558,半导体设备ETF易方达,sz399395,industry_inferred,2.829,92.64,1210,,,992667634.402,8562971777
562590,半导体设备ETF华夏,sz399395,industry_inferred,2.547,92.64,1210,,,371869569.0,3896051681
159327,半导体设备ETF万家,sz399395,industry_inferred,2.88,92.64,1210,,,227116048.151,1337831148
159582,半导体ETF博时,sz399395,industry_inferred,3.384,92.64,1210,,,113574127.3,538467565
159180,软件ETF银华,sz399396,industry_inferred,1.149,0.58,1210,,,12644621.326,42692159
512480,半导体ETF国联安,sz399395,industry,2.16,92.64,1210,,,2515124035.0,19053367603
512760,芯片ETF国泰,sz399395,industry,1.164,92.64,1210,,,926451223.0,10684874567
588170,科创半导体ETF华夏,sh000688,broad_inferred,2.449,99.17,1210,,,2789037530.0,10651065725
589020,科创半导体设备ETF鹏华,sh000688,broad_inferred,1.973,99.17,1210,,,277650547.0,939580103
588710,科创半导体设备ETF华泰柏瑞,sh000688,broad_inferred,2.529,99.17,1210,,,601321504.0,2281904075
